"V1","V2"
"Summary_Triplet1.pdf-1.png","YKIC080311Loc_DoubleSound_Site0_Freq1100_Pos24.png"
"Summary_Triplet2.pdf-1.png","YKIC102811_1Loc_DoubleSound_Site0_Freq500_Pos6.png"
"Summary_Triplet3.pdf-1.png","YKIC110411Loc_DoubleSound_Site0_Freq1100_Pos-6.png"
"Summary_Triplet4.pdf-1.png","YKIC110411Loc_DoubleSound_Site0_Freq903_Pos-6.png"
"Summary_Triplet5.pdf-1.png","YKIC140501Loc_DoubleSound_Site2_Freq500_Pos24.png"
"Summary_Triplet6.pdf-1.png","YKIC140501Loc_DoubleSound_Site2_Freq500_Pos6.png"
"Summary_Triplet7.pdf-1.png","YKIC140501Loc_DoubleSound_Site1_Freq500_Pos24.png"
"Summary_Triplet8.pdf-1.png","YKIC140501Loc_DoubleSound_Site2_Freq1632_Pos24.png"
"Summary_Triplet9.pdf-1.png","YKIC140124Loc_DoubleSound_Site2_Freq500_Pos24.png"
"Summary_Triplet10.pdf-1.png","YKIC072611Loc_DoubleSound_Site0_Freq500_Pos-6.png"
"Summary_Triplet11.pdf-1.png","YKIC072611Loc_DoubleSound_Site0_Freq609_Pos-6.png"
"Summary_Triplet12.pdf-1.png","YKIC110211Loc_DoubleSound_Site0_Freq1100_Pos-24.png"
"Summary_Triplet13.pdf-1.png","YKIC111011Loc_DoubleSound_Site0_Freq1100_Pos-6.png"
"Summary_Triplet14.pdf-1.png","YKIC141028Loc_DoubleSound_Site1_Freq500_Pos6.png"
"Summary_Triplet15.pdf-1.png","YKIC092311_1Loc_DoubleSound_Site0_Freq609_Pos24.png"
"Summary_Triplet16.pdf-1.png","YKIC110911Loc_DoubleSound_Site0_Freq500_Pos-6.png"
"Summary_Triplet17.pdf-1.png","YKIC072811Loc_DoubleSound_Site0_Freq903_Pos24.png"
"Summary_Triplet18.pdf-1.png","YKIC140501Loc_DoubleSound_Site2_Freq1632_Pos6.png"
"Summary_Triplet19.pdf-1.png","YKIC090211_1Loc_DoubleSound_Site0_Freq609_Pos6.png"
"Summary_Triplet20.pdf-1.png","YKIC140221Loc_DoubleSound_Site1_Freq1100_Pos-6.png"
"Summary_Triplet21.pdf-1.png","YKIC140220Loc_DoubleSound_Site1_Freq500_Pos6.png"
"Summary_Triplet22.pdf-1.png","YKIC090111_1Loc_DoubleSound_Site0_Freq1100_Pos-6.png"
"Summary_Triplet23.pdf-1.png","YKIC140605Loc_DoubleSound_Site1_Freq500_Pos6.png"
"Summary_Triplet24.pdf-1.png","PSIC111010Loc_DoubleSound_Site0_Freq609_Pos24.png"
"Summary_Triplet25.pdf-1.png","PSIC110210Loc_DoubleSound_Site0_Freq609_Pos6.png"
"Summary_Triplet26.pdf-1.png","YKIC090211_1Loc_DoubleSound_Site0_Freq500_Pos24.png"
"Summary_Triplet27.pdf-1.png","YKIC090211_1Loc_DoubleSound_Site0_Freq500_Pos6.png"
"Summary_Triplet28.pdf-1.png","YKIC140219Loc_DoubleSound_Site2_Freq1100_Pos-6.png"
"Summary_Triplet29.pdf-1.png","PSIC111710Loc_DoubleSound_Site0_Freq500_Pos-6.png"
"Summary_Triplet30.pdf-1.png","PSIC051111Loc_DoubleSound_Site0_Freq903_Pos-24.png"
"Summary_Triplet31.pdf-1.png","YKIC140220Loc_DoubleSound_Site2_Freq1988_Pos-6.png"
"Summary_Triplet32.pdf-1.png","YKIC110411_1Loc_DoubleSound_Site0_Freq903_Pos6.png"
"Summary_Triplet33.pdf-1.png","YKIC100111_1Loc_DoubleSound_Site0_Freq500_Pos-24.png"
"Summary_Triplet34.pdf-1.png","YKIC092311_1Loc_DoubleSound_Site0_Freq903_Pos-24.png"
"Summary_Triplet35.pdf-1.png","YKIC141028Loc_DoubleSound_Site1_Freq500_Pos24.png"
"Summary_Triplet36.pdf-1.png","YKIC140501Loc_DoubleSound_Site1_Freq500_Pos6.png"
"Summary_Triplet37.pdf-1.png","YKIC140321Loc_DoubleSound_Site2_Freq500_Pos24.png"
"Summary_Triplet38.pdf-1.png","YKIC100111_1Loc_DoubleSound_Site0_Freq903_Pos-24.png"
"Summary_Triplet39.pdf-1.png","YKIC140501Loc_DoubleSound_Site2_Freq1632_Pos-24.png"
"Summary_Triplet40.pdf-1.png","PSIC111710Loc_DoubleSound_Site0_Freq1100_Pos-24.png"
"Summary_Triplet41.pdf-1.png","YKIC110911Loc_DoubleSound_Site0_Freq609_Pos-24.png"
"Summary_Triplet42.pdf-1.png","YKIC140911Loc_DoubleSound_Site2_Freq500_Pos-6.png"
"Summary_Triplet43.pdf-1.png","YKIC140507Loc_DoubleSound_Site2_Freq1632_Pos-6.png"
"Summary_Triplet44.pdf-1.png","YKIC110911Loc_DoubleSound_Site0_Freq903_Pos-24.png"
"Summary_Triplet45.pdf-1.png","YKIC110311Loc_DoubleSound_Site0_Freq903_Pos6.png"
"Summary_Triplet46.pdf-1.png","YKIC141016Loc_DoubleSound_Site1_Freq500_Pos24.png"
"Summary_Triplet47.pdf-1.png","PSIC102610Loc_DoubleSound_Site0_Freq609_Pos6.png"
"Summary_Triplet48.pdf-1.png","YKIC072811Loc_DoubleSound_Site0_Freq500_Pos24.png"
"Summary_Triplet49.pdf-1.png","YKIC140226Loc_DoubleSound_Site2_Freq500_Pos6.png"
"Summary_Triplet50.pdf-1.png","PSIC092910Loc_DoubleSound_Site0_Freq903_Pos-6.png"
"Summary_Triplet51.pdf-1.png","YKIC140501Loc_DoubleSound_Site1_Freq500_Pos-6.png"
"Summary_Triplet52.pdf-1.png","YKIC140109Loc_DoubleSound_Site1_Freq500_Pos24.png"
"Summary_Triplet53.pdf-1.png","YKIC140121Loc_DoubleSound_Site1_Freq500_Pos24.png"
"Summary_Triplet54.pdf-1.png","PSIC092310Loc_DoubleSound_Site0_Freq903_Pos-24.png"
"Summary_Triplet55.pdf-1.png","YKIC102811Loc_DoubleSound_Site0_Freq1100_Pos6.png"
"Summary_Triplet56.pdf-1.png","YKIC090111_1Loc_DoubleSound_Site0_Freq500_Pos6.png"
"Summary_Triplet57.pdf-1.png","PSIC092810Loc_DoubleSound_Site0_Freq1100_Pos-24.png"
"Summary_Triplet58.pdf-1.png","YKIC140911Loc_DoubleSound_Site1_Freq1632_Pos24.png"
"Summary_Triplet59.pdf-1.png","YKIC120111Loc_DoubleSound_Site0_Freq1100_Pos6.png"
"Summary_Triplet60.pdf-1.png","YKIC140220Loc_DoubleSound_Site1_Freq1988_Pos6.png"
"Summary_Triplet61.pdf-1.png","YKIC102711Loc_DoubleSound_Site0_Freq1100_Pos24.png"
"Summary_Triplet62.pdf-1.png","YKIC140226Loc_DoubleSound_Site1_Freq1988_Pos24.png"
"Summary_Triplet63.pdf-1.png","PSIC092910Loc_DoubleSound_Site0_Freq1100_Pos24.png"
"Summary_Triplet64.pdf-1.png","PSIC111910Loc_DoubleSound_Site0_Freq1100_Pos-6.png"
"Summary_Triplet65.pdf-1.png","YKIC140313Loc_DoubleSound_Site2_Freq500_Pos24.png"
"Summary_Triplet66.pdf-1.png","YKIC141028Loc_DoubleSound_Site2_Freq500_Pos24.png"
"Summary_Triplet67.pdf-1.png","PSIC031711Loc_DoubleSound_Site0_Freq1100_Pos-24.png"
"Summary_Triplet68.pdf-1.png","YKIC120111_1Loc_DoubleSound_Site0_Freq1100_Pos6.png"
"Summary_Triplet69.pdf-1.png","YKIC140528Loc_DoubleSound_Site1_Freq500_Pos24.png"
"Summary_Triplet70.pdf-1.png","YKIC090111_1Loc_DoubleSound_Site0_Freq609_Pos6.png"
"Summary_Triplet71.pdf-1.png","YKIC093011Loc_DoubleSound_Site0_Freq1100_Pos24.png"
"Summary_Triplet72.pdf-1.png","YKIC140528Loc_DoubleSound_Site1_Freq500_Pos6.png"
"Summary_Triplet73.pdf-1.png","YKIC090111_1Loc_DoubleSound_Site0_Freq903_Pos-24.png"
"Summary_Triplet74.pdf-1.png","YKIC092911_1Loc_DoubleSound_Site0_Freq903_Pos-24.png"
"Summary_Triplet75.pdf-1.png","YKIC140128Loc_DoubleSound_Site1_Freq500_Pos6.png"
"Summary_Triplet76.pdf-1.png","YKIC141009Loc_DoubleSound_Site1_Freq500_Pos6.png"
"Summary_Triplet77.pdf-1.png","PSIC090710Loc_DoubleSound_Site0_Freq1100_Pos-24.png"
"Summary_Triplet78.pdf-1.png","PSIC091310Loc_DoubleSound_Site0_Freq500_Pos24.png"
"Summary_Triplet79.pdf-1.png","PSIC091010Loc_DoubleSound_Site0_Freq1100_Pos-24.png"
"Summary_Triplet80.pdf-1.png","PSIC111610Loc_DoubleSound_Site0_Freq1100_Pos-24.png"
"Summary_Triplet81.pdf-1.png","YKIC092911_1Loc_DoubleSound_Site0_Freq1100_Pos-6.png"
"Summary_Triplet82.pdf-1.png","YKIC092311_1Loc_DoubleSound_Site0_Freq903_Pos24.png"
"Summary_Triplet83.pdf-1.png","YKIC110211_1Loc_DoubleSound_Site0_Freq500_Pos-6.png"
"Summary_Triplet84.pdf-1.png","PSIC091610Loc_DoubleSound_Site0_Freq903_Pos-24.png"
"Summary_Triplet85.pdf-1.png","YKIC090911_1Loc_DoubleSound_Site0_Freq903_Pos-24.png"
"Summary_Triplet86.pdf-1.png","YKIC110911Loc_DoubleSound_Site0_Freq500_Pos-24.png"
"Summary_Triplet87.pdf-1.png","YKIC100111_1Loc_DoubleSound_Site0_Freq609_Pos-6.png"
"Summary_Triplet88.pdf-1.png","YKIC140130Loc_DoubleSound_Site1_Freq500_Pos24.png"
"Summary_Triplet89.pdf-1.png","YKIC141016Loc_DoubleSound_Site1_Freq500_Pos-24.png"
"Summary_Triplet90.pdf-1.png","YKIC092311_1Loc_DoubleSound_Site0_Freq1100_Pos24.png"
"Summary_Triplet91.pdf-1.png","PSIC111510Loc_DoubleSound_Site0_Freq1100_Pos-24.png"
"Summary_Triplet92.pdf-1.png","YKIC140225Loc_DoubleSound_Site1_Freq500_Pos6.png"
"Summary_Triplet93.pdf-1.png","PSIC110110Loc_DoubleSound_Site0_Freq1100_Pos-24.png"
"Summary_Triplet94.pdf-1.png","PSIC111910Loc_DoubleSound_Site0_Freq1100_Pos6.png"
"Summary_Triplet95.pdf-1.png","YKIC092311_1Loc_DoubleSound_Site0_Freq500_Pos6.png"
"Summary_Triplet96.pdf-1.png","PSIC091710Loc_DoubleSound_Site0_Freq1100_Pos-24.png"
"Summary_Triplet97.pdf-1.png","YKIC092911_1Loc_DoubleSound_Site0_Freq903_Pos-6.png"
"Summary_Triplet98.pdf-1.png","PSIC111210Loc_DoubleSound_Site0_Freq609_Pos6.png"
"Summary_Triplet99.pdf-1.png","YKIC110311Loc_DoubleSound_Site0_Freq903_Pos24.png"
"Summary_Triplet100.pdf-1.png","YKIC100111Loc_DoubleSound_Site0_Freq609_Pos-6.png"
"Summary_Triplet101.pdf-1.png","PSIC111510Loc_DoubleSound_Site0_Freq1100_Pos-6.png"
"Summary_Triplet102.pdf-1.png","YKIC100111_1Loc_DoubleSound_Site0_Freq1100_Pos-24.png"
"Summary_Triplet103.pdf-1.png","PSIC092710Loc_DoubleSound_Site0_Freq1100_Pos-6.png"
"Summary_Triplet104.pdf-1.png","YKIC110911Loc_DoubleSound_Site0_Freq609_Pos-6.png"
"Summary_Triplet105.pdf-1.png","YKIC140130Loc_DoubleSound_Site1_Freq1100_Pos24.png"
"Summary_Triplet106.pdf-1.png","YKIC141009Loc_DoubleSound_Site1_Freq500_Pos24.png"
"Summary_Triplet107.pdf-1.png","PSIC111910Loc_DoubleSound_Site0_Freq903_Pos24.png"
"Summary_Triplet108.pdf-1.png","PSIC090710Loc_DoubleSound_Site0_Freq903_Pos-24.png"
"Summary_Triplet109.pdf-1.png","YKIC140220Loc_DoubleSound_Site2_Freq500_Pos24.png"
"Summary_Triplet110.pdf-1.png","PSIC092010Loc_DoubleSound_Site0_Freq609_Pos6.png"
"Summary_Triplet111.pdf-1.png","PSIC111610Loc_DoubleSound_Site0_Freq903_Pos-24.png"
"Summary_Triplet112.pdf-1.png","PSIC093010Loc_DoubleSound_Site0_Freq903_Pos-24.png"
"Summary_Triplet113.pdf-1.png","YKIC082611_1Loc_DoubleSound_Site0_Freq1100_Pos-6.png"
"Summary_Triplet114.pdf-1.png","YKIC102811_1Loc_DoubleSound_Site0_Freq1100_Pos-6.png"
"Summary_Triplet115.pdf-1.png","YKIC102811Loc_DoubleSound_Site0_Freq1100_Pos-24.png"
"Summary_Triplet116.pdf-1.png","PSIC092110Loc_DoubleSound_Site0_Freq1100_Pos-24.png"
"Summary_Triplet117.pdf-1.png","PSIC091410Loc_DoubleSound_Site0_Freq1100_Pos-24.png"
"Summary_Triplet118.pdf-1.png","YKIC140220Loc_DoubleSound_Site2_Freq1988_Pos-24.png"
"Summary_Triplet119.pdf-1.png","PSIC111910Loc_DoubleSound_Site0_Freq1100_Pos24.png"
"Summary_Triplet120.pdf-1.png","YKIC140507Loc_DoubleSound_Site2_Freq500_Pos24.png"
"Summary_Triplet121.pdf-1.png","PSIC091010Loc_DoubleSound_Site0_Freq903_Pos24.png"
"Summary_Triplet122.pdf-1.png","YKIC110311Loc_DoubleSound_Site0_Freq1100_Pos-24.png"
"Summary_Triplet123.pdf-1.png","YKIC140911Loc_DoubleSound_Site1_Freq500_Pos24.png"
"Summary_Triplet124.pdf-1.png","PSIC092710Loc_DoubleSound_Site0_Freq500_Pos-6.png"
"Summary_Triplet125.pdf-1.png","YKIC090111_1Loc_DoubleSound_Site0_Freq609_Pos24.png"
"Summary_Triplet126.pdf-1.png","PSIC091310Loc_DoubleSound_Site0_Freq903_Pos-24.png"
"Summary_Triplet127.pdf-1.png","YKIC082611Loc_DoubleSound_Site0_Freq500_Pos-24.png"
"Summary_Triplet128.pdf-1.png","YKIC110311Loc_DoubleSound_Site0_Freq500_Pos-24.png"
"Summary_Triplet129.pdf-1.png","YKIC140226Loc_DoubleSound_Site2_Freq1988_Pos-6.png"
"Summary_Triplet130.pdf-1.png","PSIC102110Loc_DoubleSound_Site0_Freq1100_Pos-6.png"
"Summary_Triplet131.pdf-1.png","PSIC090710Loc_DoubleSound_Site0_Freq609_Pos6.png"
"Summary_Triplet132.pdf-1.png","YKIC140528Loc_DoubleSound_Site1_Freq1632_Pos-6.png"
"Summary_Triplet133.pdf-1.png","YKIC110211_1Loc_DoubleSound_Site0_Freq1100_Pos24.png"
"Summary_Triplet134.pdf-1.png","YKIC092311Loc_DoubleSound_Site0_Freq1100_Pos-24.png"
"Summary_Triplet135.pdf-1.png","PSIC110310Loc_DoubleSound_Site0_Freq1100_Pos-24.png"
"Summary_Triplet136.pdf-1.png","YKIC092311Loc_DoubleSound_Site0_Freq500_Pos24.png"
"Summary_Triplet137.pdf-1.png","PSIC101410Loc_DoubleSound_Site0_Freq903_Pos-6.png"
"Summary_Triplet138.pdf-1.png","YKIC093011Loc_DoubleSound_Site0_Freq500_Pos24.png"
"Summary_Triplet139.pdf-1.png","YKIC080511Loc_DoubleSound_Site0_Freq609_Pos6.png"
"Summary_Triplet140.pdf-1.png","PSIC091510Loc_DoubleSound_Site0_Freq500_Pos6.png"
"Summary_Triplet141.pdf-1.png","PSIC091510Loc_DoubleSound_Site0_Freq1100_Pos-24.png"
"Summary_Triplet142.pdf-1.png","YKIC092311Loc_DoubleSound_Site0_Freq609_Pos24.png"
"Summary_Triplet143.pdf-1.png","YKIC072711Loc_DoubleSound_Site0_Freq1100_Pos-24.png"
"Summary_Triplet144.pdf-1.png","PSIC111210Loc_DoubleSound_Site0_Freq1100_Pos-6.png"
"Summary_Triplet145.pdf-1.png","YKIC140321Loc_DoubleSound_Site2_Freq1632_Pos-24.png"
"Summary_Triplet146.pdf-1.png","PSIC111710Loc_DoubleSound_Site0_Freq609_Pos24.png"
"Summary_Triplet147.pdf-1.png","YKIC102811_1Loc_DoubleSound_Site0_Freq1100_Pos24.png"
"Summary_Triplet148.pdf-1.png","YKIC080511Loc_DoubleSound_Site0_Freq609_Pos-6.png"
"Summary_Triplet149.pdf-1.png","YKIC140226Loc_DoubleSound_Site1_Freq500_Pos24.png"
"Summary_Triplet150.pdf-1.png","PSIC092910Loc_DoubleSound_Site0_Freq1100_Pos-24.png"
"Summary_Triplet151.pdf-1.png","YKIC120211Loc_DoubleSound_Site0_Freq1100_Pos24.png"
"Summary_Triplet152.pdf-1.png","YKIC082511Loc_DoubleSound_Site0_Freq500_Pos6.png"
"Summary_Triplet153.pdf-1.png","YKIC111011_2Loc_DoubleSound_Site0_Freq609_Pos-24.png"
"Summary_Triplet154.pdf-1.png","PSIC110310Loc_DoubleSound_Site0_Freq1100_Pos-6.png"
"Summary_Triplet155.pdf-1.png","YKIC140226Loc_DoubleSound_Site1_Freq1988_Pos-6.png"
"Summary_Triplet156.pdf-1.png","PSIC051111Loc_DoubleSound_Site0_Freq1100_Pos-24.png"
"Summary_Triplet157.pdf-1.png","YKIC110911Loc_DoubleSound_Site0_Freq1100_Pos-6.png"
"Summary_Triplet158.pdf-1.png","YKIC110111_1Loc_DoubleSound_Site0_Freq1100_Pos6.png"
"Summary_Triplet159.pdf-1.png","YKIC110111_1Loc_DoubleSound_Site0_Freq609_Pos6.png"
"Summary_Triplet160.pdf-1.png","YKIC100111_1Loc_DoubleSound_Site0_Freq500_Pos6.png"
"Summary_Triplet161.pdf-1.png","YKIC111011_2Loc_DoubleSound_Site0_Freq903_Pos-6.png"
"Summary_Triplet162.pdf-1.png","YKIC093011Loc_DoubleSound_Site0_Freq903_Pos-24.png"
"Summary_Triplet163.pdf-1.png","YKIC090111_1Loc_DoubleSound_Site0_Freq903_Pos-6.png"
"Summary_Triplet164.pdf-1.png","YKIC072811Loc_DoubleSound_Site0_Freq903_Pos6.png"
"Summary_Triplet165.pdf-1.png","YKIC072611Loc_DoubleSound_Site0_Freq1100_Pos6.png"
"Summary_Triplet166.pdf-1.png","YKIC140501Loc_DoubleSound_Site1_Freq1632_Pos24.png"
"Summary_Triplet167.pdf-1.png","YKIC120211_1Loc_DoubleSound_Site0_Freq500_Pos-6.png"
"Summary_Triplet168.pdf-1.png","PSIC091710Loc_DoubleSound_Site0_Freq1100_Pos-6.png"
"Summary_Triplet169.pdf-1.png","PSIC100610Loc_DoubleSound_Site0_Freq903_Pos-24.png"
"Summary_Triplet170.pdf-1.png","PSIC090910Loc_DoubleSound_Site0_Freq1100_Pos-6.png"
"Summary_Triplet171.pdf-1.png","YKIC100711Loc_DoubleSound_Site0_Freq1100_Pos-24.png"
"Summary_Triplet172.pdf-1.png","PSIC111710Loc_DoubleSound_Site0_Freq609_Pos-6.png"
"Summary_Triplet173.pdf-1.png","YKIC140220Loc_DoubleSound_Site2_Freq1988_Pos6.png"
"Summary_Triplet174.pdf-1.png","YKIC082411Loc_DoubleSound_Site0_Freq903_Pos-24.png"
"Summary_Triplet175.pdf-1.png","YKIC082611_1Loc_DoubleSound_Site0_Freq609_Pos24.png"
"Summary_Triplet176.pdf-1.png","YKIC140911Loc_DoubleSound_Site2_Freq500_Pos24.png"
"Summary_Triplet177.pdf-1.png","PSIC110910Loc_DoubleSound_Site0_Freq903_Pos24.png"
"Summary_Triplet178.pdf-1.png","YKIC090811_1Loc_DoubleSound_Site0_Freq500_Pos24.png"
"Summary_Triplet179.pdf-1.png","YKIC100711Loc_DoubleSound_Site0_Freq903_Pos-24.png"
"Summary_Triplet180.pdf-1.png","YKIC090111_1Loc_DoubleSound_Site0_Freq609_Pos-6.png"
"Summary_Triplet181.pdf-1.png","YKIC090811Loc_DoubleSound_Site0_Freq1100_Pos-6.png"
"Summary_Triplet182.pdf-1.png","PSIC091610Loc_DoubleSound_Site0_Freq1100_Pos-24.png"
"Summary_Triplet183.pdf-1.png","PSIC110310Loc_DoubleSound_Site0_Freq500_Pos6.png"
"Summary_Triplet184.pdf-1.png","YKIC140813Loc_DoubleSound_Site2_Freq500_Pos6.png"
"Summary_Triplet185.pdf-1.png","PSIC111210Loc_DoubleSound_Site0_Freq500_Pos6.png"
"Summary_Triplet186.pdf-1.png","YKIC140128Loc_DoubleSound_Site2_Freq500_Pos6.png"
"Summary_Triplet187.pdf-1.png","YKIC120211_1Loc_DoubleSound_Site0_Freq1100_Pos-6.png"
"Summary_Triplet188.pdf-1.png","PSIC100510Loc_DoubleSound_Site0_Freq903_Pos-24.png"
"Summary_Triplet189.pdf-1.png","PSIC110910Loc_DoubleSound_Site0_Freq903_Pos-6.png"
"Summary_Triplet190.pdf-1.png","YKIC110211_1Loc_DoubleSound_Site0_Freq609_Pos-6.png"
"Summary_Triplet191.pdf-1.png","YKIC082611_1Loc_DoubleSound_Site0_Freq1100_Pos-24.png"
"Summary_Triplet192.pdf-1.png","PSIC102110Loc_DoubleSound_Site0_Freq903_Pos24.png"
"Summary_Triplet193.pdf-1.png","YKIC140219Loc_DoubleSound_Site2_Freq1100_Pos6.png"
"Summary_Triplet194.pdf-1.png","YKIC110411_2Loc_DoubleSound_Site0_Freq1100_Pos-24.png"
"Summary_Triplet195.pdf-1.png","YKIC110311Loc_DoubleSound_Site0_Freq1100_Pos6.png"
"Summary_Triplet196.pdf-1.png","YKIC080411Loc_DoubleSound_Site0_Freq903_Pos-24.png"
"Summary_Triplet197.pdf-1.png","YKIC093011Loc_DoubleSound_Site0_Freq500_Pos-24.png"
"Summary_Triplet198.pdf-1.png","YKIC111011_2Loc_DoubleSound_Site0_Freq1100_Pos-6.png"
"Summary_Triplet199.pdf-1.png","YKIC140226Loc_DoubleSound_Site2_Freq1988_Pos6.png"
"Summary_Triplet200.pdf-1.png","PSIC102110Loc_DoubleSound_Site0_Freq903_Pos-6.png"
"Summary_Triplet201.pdf-1.png","YKIC113011Loc_DoubleSound_Site0_Freq1100_Pos24.png"
"Summary_Triplet202.pdf-1.png","YKIC140219Loc_DoubleSound_Site2_Freq609_Pos6.png"
"Summary_Triplet203.pdf-1.png","PSIC110910Loc_DoubleSound_Site0_Freq609_Pos-6.png"
"Summary_Triplet204.pdf-1.png","PSIC092710Loc_DoubleSound_Site0_Freq903_Pos-6.png"
"Summary_Triplet205.pdf-1.png","YKIC110211_1Loc_DoubleSound_Site0_Freq1100_Pos-24.png"
"Summary_Triplet206.pdf-1.png","YKIC140516Loc_DoubleSound_Site1_Freq500_Pos6.png"
"Summary_Triplet207.pdf-1.png","YKIC140603Loc_DoubleSound_Site1_Freq500_Pos-24.png"
"Summary_Triplet208.pdf-1.png","YKIC140221Loc_DoubleSound_Site1_Freq500_Pos24.png"
"Summary_Triplet209.pdf-1.png","YKIC113011Loc_DoubleSound_Site0_Freq500_Pos24.png"
"Summary_Triplet210.pdf-1.png","PSIC031711Loc_DoubleSound_Site0_Freq1100_Pos-6.png"
"Summary_Triplet211.pdf-1.png","PSIC111810Loc_DoubleSound_Site0_Freq903_Pos-24.png"
"Summary_Triplet212.pdf-1.png","YKIC113011Loc_DoubleSound_Site0_Freq903_Pos24.png"
"Summary_Triplet213.pdf-1.png","YKIC090911_1Loc_DoubleSound_Site0_Freq1100_Pos6.png"
"Summary_Triplet214.pdf-1.png","YKIC140516Loc_DoubleSound_Site2_Freq500_Pos-6.png"
"Summary_Triplet215.pdf-1.png","PSIC110910Loc_DoubleSound_Site0_Freq1100_Pos-6.png"
"Summary_Triplet216.pdf-1.png","YKIC110211_1Loc_DoubleSound_Site0_Freq1100_Pos-6.png"
"Summary_Triplet217.pdf-1.png","PSIC042011Loc_DoubleSound_Site0_Freq1100_Pos24.png"
"Summary_Triplet218.pdf-1.png","YKIC140219Loc_DoubleSound_Site2_Freq609_Pos-24.png"
"Summary_Triplet219.pdf-1.png","PSIC092710Loc_DoubleSound_Site0_Freq1100_Pos-24.png"
"Summary_Triplet220.pdf-1.png","YKIC140226Loc_DoubleSound_Site1_Freq500_Pos-6.png"
"Summary_Triplet221.pdf-1.png","PSIC090710Loc_DoubleSound_Site0_Freq500_Pos6.png"
"Summary_Triplet222.pdf-1.png","PSIC091710Loc_DoubleSound_Site0_Freq903_Pos-24.png"
"Summary_Triplet223.pdf-1.png","PSIC111210Loc_DoubleSound_Site0_Freq903_Pos24.png"
"Summary_Triplet224.pdf-1.png","PSIC092910Loc_DoubleSound_Site0_Freq1100_Pos-6.png"
"Summary_Triplet225.pdf-1.png","YKIC092311_1Loc_DoubleSound_Site0_Freq1100_Pos-6.png"
"Summary_Triplet226.pdf-1.png","YKIC090811Loc_DoubleSound_Site0_Freq500_Pos-24.png"
"Summary_Triplet227.pdf-1.png","YKIC111111_2Loc_DoubleSound_Site0_Freq500_Pos-6.png"
"Summary_Triplet228.pdf-1.png","PSIC111710Loc_DoubleSound_Site0_Freq903_Pos24.png"
"Summary_Triplet229.pdf-1.png","YKIC102811_1Loc_DoubleSound_Site0_Freq609_Pos-6.png"
"Summary_Triplet230.pdf-1.png","YKIC102811_1Loc_DoubleSound_Site0_Freq903_Pos24.png"
"Summary_Triplet231.pdf-1.png","PSIC090810Loc_DoubleSound_Site0_Freq1100_Pos-6.png"
"Summary_Triplet232.pdf-1.png","YKIC141009Loc_DoubleSound_Site1_Freq1632_Pos-24.png"
"Summary_Triplet233.pdf-1.png","YKIC140529Loc_DoubleSound_Site1_Freq500_Pos6.png"
"Summary_Triplet234.pdf-1.png","YKIC100111Loc_DoubleSound_Site0_Freq500_Pos-6.png"
"Summary_Triplet235.pdf-1.png","YKIC140603Loc_DoubleSound_Site1_Freq1632_Pos-6.png"
"Summary_Triplet236.pdf-1.png","PSIC111210Loc_DoubleSound_Site0_Freq1100_Pos6.png"
"Summary_Triplet237.pdf-1.png","YKIC113011Loc_DoubleSound_Site0_Freq609_Pos-6.png"
"Summary_Triplet238.pdf-1.png","PSIC091410Loc_DoubleSound_Site0_Freq903_Pos-24.png"
"Summary_Triplet239.pdf-1.png","YKIC102811_1Loc_DoubleSound_Site0_Freq903_Pos-6.png"
"Summary_Triplet240.pdf-1.png","YKIC082611_1Loc_DoubleSound_Site0_Freq500_Pos24.png"
"Summary_Triplet241.pdf-1.png","PSIC102210Loc_DoubleSound_Site0_Freq609_Pos6.png"
"Summary_Triplet242.pdf-1.png","YKIC080511Loc_DoubleSound_Site0_Freq903_Pos-6.png"
"Summary_Triplet243.pdf-1.png","YKIC140603Loc_DoubleSound_Site1_Freq500_Pos-6.png"
"Summary_Triplet244.pdf-1.png","PSIC090910Loc_DoubleSound_Site0_Freq500_Pos6.png"
"Summary_Triplet245.pdf-1.png","YKIC082611_1Loc_DoubleSound_Site0_Freq903_Pos24.png"
"Summary_Triplet246.pdf-1.png","YKIC090911_1Loc_DoubleSound_Site0_Freq609_Pos6.png"
"Summary_Triplet247.pdf-1.png","PSIC102210Loc_DoubleSound_Site0_Freq1100_Pos-24.png"
"Summary_Triplet248.pdf-1.png","YKIC110211_1Loc_DoubleSound_Site0_Freq500_Pos24.png"
"Summary_Triplet249.pdf-1.png","YKIC140128Loc_DoubleSound_Site2_Freq500_Pos24.png"
"Summary_Triplet250.pdf-1.png","PSIC091510Loc_DoubleSound_Site0_Freq903_Pos24.png"
"Summary_Triplet251.pdf-1.png","YKIC110411_1Loc_DoubleSound_Site0_Freq500_Pos-24.png"
"Summary_Triplet252.pdf-1.png","YKIC080411Loc_DoubleSound_Site0_Freq903_Pos6.png"
"Summary_Triplet253.pdf-1.png","PSIC100610Loc_DoubleSound_Site0_Freq1100_Pos6.png"
"Summary_Triplet254.pdf-1.png","YKIC110211_1Loc_DoubleSound_Site0_Freq609_Pos24.png"
"Summary_Triplet255.pdf-1.png","YKIC102711Loc_DoubleSound_Site0_Freq1100_Pos-6.png"
"Summary_Triplet256.pdf-1.png","PSIC111610Loc_DoubleSound_Site0_Freq1100_Pos24.png"
"Summary_Triplet257.pdf-1.png","YKIC140516Loc_DoubleSound_Site2_Freq500_Pos6.png"
"Summary_Triplet258.pdf-1.png","PSIC101410Loc_DoubleSound_Site0_Freq903_Pos24.png"
"Summary_Triplet259.pdf-1.png","PSIC092110Loc_DoubleSound_Site0_Freq1100_Pos-6.png"
"Summary_Triplet260.pdf-1.png","YKIC072711Loc_DoubleSound_Site0_Freq903_Pos6.png"
"Summary_Triplet261.pdf-1.png","PSIC111510Loc_DoubleSound_Site0_Freq903_Pos-24.png"
"Summary_Triplet262.pdf-1.png","YKIC140226Loc_DoubleSound_Site1_Freq500_Pos6.png"
"Summary_Triplet263.pdf-1.png","PSIC093010Loc_DoubleSound_Site0_Freq903_Pos24.png"
"Summary_Triplet264.pdf-1.png","YKIC111111_3Loc_DoubleSound_Site0_Freq1100_Pos-6.png"
"Summary_Triplet265.pdf-1.png","YKIC102811Loc_DoubleSound_Site0_Freq500_Pos24.png"
"Summary_Triplet266.pdf-1.png","YKIC111011_2Loc_DoubleSound_Site0_Freq500_Pos-24.png"
"Summary_Triplet267.pdf-1.png","YKIC090911_1Loc_DoubleSound_Site0_Freq1100_Pos24.png"
"Summary_Triplet268.pdf-1.png","PSIC042011Loc_DoubleSound_Site0_Freq1100_Pos6.png"
"Summary_Triplet269.pdf-1.png","YKIC080511Loc_DoubleSound_Site0_Freq903_Pos-24.png"
"Summary_Triplet270.pdf-1.png","PSIC091010Loc_DoubleSound_Site0_Freq609_Pos24.png"
"Summary_Triplet271.pdf-1.png","PSIC090910Loc_DoubleSound_Site0_Freq609_Pos6.png"
"Summary_Triplet272.pdf-1.png","PSIC111510Loc_DoubleSound_Site0_Freq609_Pos-6.png"
"Summary_Triplet273.pdf-1.png","YKIC102811Loc_DoubleSound_Site0_Freq609_Pos-6.png"
"Summary_Triplet274.pdf-1.png","PSIC111710Loc_DoubleSound_Site0_Freq903_Pos-24.png"
"Summary_Triplet275.pdf-1.png","YKIC100511_1Loc_DoubleSound_Site0_Freq609_Pos6.png"
"Summary_Triplet276.pdf-1.png","PSIC090910Loc_DoubleSound_Site0_Freq903_Pos-6.png"
"Summary_Triplet277.pdf-1.png","YKIC111011_2Loc_DoubleSound_Site0_Freq500_Pos-6.png"
"Summary_Triplet278.pdf-1.png","YKIC102711Loc_DoubleSound_Site0_Freq609_Pos-6.png"
"Summary_Triplet279.pdf-1.png","YKIC100711Loc_DoubleSound_Site0_Freq609_Pos-6.png"
"Summary_Triplet280.pdf-1.png","YKIC111011_2Loc_DoubleSound_Site0_Freq1100_Pos6.png"
"Summary_Triplet281.pdf-1.png","YKIC102711Loc_DoubleSound_Site0_Freq903_Pos24.png"
"Summary_Triplet282.pdf-1.png","YKIC111111_2Loc_DoubleSound_Site0_Freq1100_Pos-6.png"
"Summary_Triplet283.pdf-1.png","YKIC110411_3Loc_DoubleSound_Site0_Freq1100_Pos-24.png"
"Summary_Triplet284.pdf-1.png","PSIC091510Loc_DoubleSound_Site0_Freq903_Pos-24.png"
"Summary_Triplet285.pdf-1.png","YKIC140516Loc_DoubleSound_Site1_Freq500_Pos24.png"
"Summary_Triplet286.pdf-1.png","YKIC110211_1Loc_DoubleSound_Site0_Freq903_Pos24.png"
"Summary_Triplet287.pdf-1.png","YKIC140121Loc_DoubleSound_Site1_Freq500_Pos6.png"
"Summary_Triplet288.pdf-1.png","YKIC111011_1Loc_DoubleSound_Site0_Freq500_Pos-6.png"
"Summary_Triplet289.pdf-1.png","YKIC141009Loc_DoubleSound_Site1_Freq500_Pos-6.png"
"Summary_Triplet290.pdf-1.png","PSIC090910Loc_DoubleSound_Site0_Freq903_Pos-24.png"
"Summary_Triplet291.pdf-1.png","PSIC031711Loc_DoubleSound_Site0_Freq903_Pos-6.png"
"Summary_Triplet292.pdf-1.png","PSIC091610Loc_DoubleSound_Site0_Freq1100_Pos-6.png"
"Summary_Triplet293.pdf-1.png","YKIC140528Loc_DoubleSound_Site1_Freq500_Pos-6.png"
"Summary_Triplet294.pdf-1.png","PSIC092110Loc_DoubleSound_Site0_Freq609_Pos24.png"
"Summary_Triplet295.pdf-1.png","YKIC110111_1Loc_DoubleSound_Site0_Freq903_Pos-6.png"
"Summary_Triplet296.pdf-1.png","YKIC102711Loc_DoubleSound_Site0_Freq500_Pos-6.png"
"Summary_Triplet297.pdf-1.png","YKIC090111_1Loc_DoubleSound_Site0_Freq1100_Pos-24.png"
"Summary_Triplet298.pdf-1.png","YKIC111011Loc_DoubleSound_Site0_Freq903_Pos-6.png"
"Summary_Triplet299.pdf-1.png","YKIC111011Loc_DoubleSound_Site0_Freq609_Pos-6.png"
"Summary_Triplet300.pdf-1.png","PSIC092110Loc_DoubleSound_Site0_Freq609_Pos6.png"
"Summary_Triplet301.pdf-1.png","PSIC091510Loc_DoubleSound_Site0_Freq1100_Pos24.png"
"Summary_Triplet302.pdf-1.png","PSIC091510Loc_DoubleSound_Site0_Freq609_Pos6.png"
"Summary_Triplet303.pdf-1.png","PSIC090810Loc_DoubleSound_Site0_Freq500_Pos24.png"
"Summary_Triplet304.pdf-1.png","PSIC100710Loc_DoubleSound_Site0_Freq903_Pos6.png"
"Summary_Triplet305.pdf-1.png","YKIC111011_1Loc_DoubleSound_Site0_Freq609_Pos-6.png"
"Summary_Triplet306.pdf-1.png","YKIC140528Loc_DoubleSound_Site2_Freq500_Pos6.png"
"Summary_Triplet307.pdf-1.png","PSIC091310Loc_DoubleSound_Site0_Freq500_Pos6.png"
"Summary_Triplet308.pdf-1.png","PSIC101410Loc_DoubleSound_Site0_Freq609_Pos6.png"
"Summary_Triplet309.pdf-1.png","PSIC111910Loc_DoubleSound_Site0_Freq903_Pos-6.png"
"Summary_Triplet310.pdf-1.png","YKIC111011_1Loc_DoubleSound_Site0_Freq500_Pos6.png"
"Summary_Triplet311.pdf-1.png","PSIC111210Loc_DoubleSound_Site0_Freq1100_Pos24.png"
"Summary_Triplet312.pdf-1.png","YKIC140528Loc_DoubleSound_Site1_Freq1632_Pos6.png"
"Summary_Triplet313.pdf-1.png","PSIC091410Loc_DoubleSound_Site0_Freq903_Pos-6.png"
"Summary_Triplet314.pdf-1.png","YKIC082611_1Loc_DoubleSound_Site0_Freq1100_Pos6.png"
"Summary_Triplet315.pdf-1.png","PSIC111010Loc_DoubleSound_Site0_Freq609_Pos6.png"
"Summary_Triplet316.pdf-1.png","PSIC111910Loc_DoubleSound_Site0_Freq609_Pos-6.png"
"Summary_Triplet317.pdf-1.png","YKIC140219Loc_DoubleSound_Site2_Freq1100_Pos-24.png"
"Summary_Triplet318.pdf-1.png","YKIC072811Loc_DoubleSound_Site0_Freq1100_Pos6.png"
"Summary_Triplet319.pdf-1.png","PSIC100810Loc_DoubleSound_Site0_Freq500_Pos6.png"
"Summary_Triplet320.pdf-1.png","PSIC100510Loc_DoubleSound_Site0_Freq903_Pos24.png"
"Summary_Triplet321.pdf-1.png","PSIC091310Loc_DoubleSound_Site0_Freq1100_Pos-6.png"
"Summary_Triplet322.pdf-1.png","YKIC110411_3Loc_DoubleSound_Site0_Freq609_Pos-24.png"
"Summary_Triplet323.pdf-1.png","PSIC092410Loc_DoubleSound_Site0_Freq903_Pos24.png"
"Summary_Triplet324.pdf-1.png","YKIC090811Loc_DoubleSound_Site0_Freq609_Pos-24.png"
"Summary_Triplet325.pdf-1.png","YKIC072811Loc_DoubleSound_Site0_Freq609_Pos6.png"
"Summary_Triplet326.pdf-1.png","YKIC080311Loc_DoubleSound_Site0_Freq1100_Pos6.png"
"Summary_Triplet327.pdf-1.png","PSIC092710Loc_DoubleSound_Site0_Freq609_Pos-6.png"
"Summary_Triplet328.pdf-1.png","PSIC091410Loc_DoubleSound_Site0_Freq609_Pos6.png"
"Summary_Triplet329.pdf-1.png","YKIC140501Loc_DoubleSound_Site1_Freq1632_Pos-6.png"
"Summary_Triplet330.pdf-1.png","YKIC082511Loc_DoubleSound_Site0_Freq1100_Pos-24.png"
"Summary_Triplet331.pdf-1.png","PSIC092910Loc_DoubleSound_Site0_Freq903_Pos24.png"
"Summary_Triplet332.pdf-1.png","PSIC102010Loc_DoubleSound_Site0_Freq1100_Pos24.png"
"Summary_Triplet333.pdf-1.png","YKIC090911_1Loc_DoubleSound_Site0_Freq1100_Pos-24.png"
"Summary_Triplet334.pdf-1.png","YKIC140110Loc_DoubleSound_Site1_Freq500_Pos24.png"
"Summary_Triplet335.pdf-1.png","YKIC140507Loc_DoubleSound_Site2_Freq500_Pos6.png"
"Summary_Triplet336.pdf-1.png","YKIC081911Loc_DoubleSound_Site0_Freq609_Pos-6.png"
"Summary_Triplet337.pdf-1.png","PSIC111210Loc_DoubleSound_Site0_Freq903_Pos-6.png"
"Summary_Triplet338.pdf-1.png","PSIC091710Loc_DoubleSound_Site0_Freq609_Pos6.png"
"Summary_Triplet339.pdf-1.png","PSIC092710Loc_DoubleSound_Site0_Freq903_Pos-24.png"
"Summary_Triplet340.pdf-1.png","YKIC111111_3Loc_DoubleSound_Site0_Freq500_Pos-6.png"
"Summary_Triplet341.pdf-1.png","PSIC101510Loc_DoubleSound_Site0_Freq1100_Pos24.png"
"Summary_Triplet342.pdf-1.png","YKIC072711Loc_DoubleSound_Site0_Freq903_Pos-6.png"
"Summary_Triplet343.pdf-1.png","PSIC092810Loc_DoubleSound_Site0_Freq500_Pos6.png"
"Summary_Triplet344.pdf-1.png","YKIC110311Loc_DoubleSound_Site0_Freq500_Pos24.png"
"Summary_Triplet345.pdf-1.png","PSIC111610Loc_DoubleSound_Site0_Freq609_Pos24.png"
"Summary_Triplet346.pdf-1.png","PSIC102010Loc_DoubleSound_Site0_Freq1100_Pos-24.png"
"Summary_Triplet347.pdf-1.png","PSIC100610Loc_DoubleSound_Site0_Freq609_Pos6.png"
"Summary_Triplet348.pdf-1.png","PSIC102010Loc_DoubleSound_Site0_Freq1100_Pos6.png"
"Summary_Triplet349.pdf-1.png","PSIC092110Loc_DoubleSound_Site0_Freq1100_Pos24.png"
"Summary_Triplet350.pdf-1.png","YKIC110111_1Loc_DoubleSound_Site0_Freq1100_Pos-6.png"
"Summary_Triplet351.pdf-1.png","YKIC090811Loc_DoubleSound_Site0_Freq903_Pos-24.png"
"Summary_Triplet352.pdf-1.png","PSIC092010Loc_DoubleSound_Site0_Freq500_Pos6.png"
"Summary_Triplet353.pdf-1.png","PSIC102610Loc_DoubleSound_Site0_Freq500_Pos6.png"
"Summary_Triplet354.pdf-1.png","PSIC092710Loc_DoubleSound_Site0_Freq609_Pos6.png"
"Summary_Triplet355.pdf-1.png","PSIC091410Loc_DoubleSound_Site0_Freq1100_Pos6.png"
"Summary_Triplet356.pdf-1.png","YKIC080311Loc_DoubleSound_Site0_Freq500_Pos24.png"
"Summary_Triplet357.pdf-1.png","PSIC100810Loc_DoubleSound_Site0_Freq609_Pos6.png"
"Summary_Triplet358.pdf-1.png","PSIC092910Loc_DoubleSound_Site0_Freq609_Pos6.png"
"Summary_Triplet359.pdf-1.png","PSIC100510Loc_DoubleSound_Site0_Freq1100_Pos24.png"
"Summary_Triplet360.pdf-1.png","PSIC093010Loc_DoubleSound_Site0_Freq903_Pos-6.png"
"Summary_Triplet361.pdf-1.png","YKIC100111Loc_DoubleSound_Site0_Freq1100_Pos24.png"
"Summary_Triplet362.pdf-1.png","PSIC102210Loc_DoubleSound_Site0_Freq1100_Pos-6.png"
"Summary_Triplet363.pdf-1.png","YKIC120211Loc_DoubleSound_Site0_Freq609_Pos6.png"
"Summary_Triplet364.pdf-1.png","YKIC082411Loc_DoubleSound_Site0_Freq500_Pos-24.png"
"Summary_Triplet365.pdf-1.png","PSIC092010Loc_DoubleSound_Site0_Freq903_Pos-6.png"
"Summary_Triplet366.pdf-1.png","YKIC140603Loc_DoubleSound_Site1_Freq500_Pos6.png"
"Summary_Triplet367.pdf-1.png","PSIC101410Loc_DoubleSound_Site0_Freq1100_Pos24.png"
"Summary_Triplet368.pdf-1.png","YKIC140121Loc_DoubleSound_Site1_Freq1988_Pos6.png"
"Summary_Triplet369.pdf-1.png","PSIC102110Loc_DoubleSound_Site0_Freq1100_Pos24.png"
"Summary_Triplet370.pdf-1.png","PSIC092010Loc_DoubleSound_Site0_Freq1100_Pos24.png"
